,fluxes
DM_4crsol_c,0.00019298617489580612
DM_5drib_c,0.00019990944574409166
DM_aacald_c,0.0
DM_amob_c,1.73081771207001e-06
DM_mththf_c,0.001159647867086916
DM_oxam_c,0.0
BIOMASS_Ec_iJO1366_WT_53p95M,0.865408856035005
BIOMASS_Ec_iJO1366_core_53p95M,0.0
EX_12ppd__R_e,0.0
EX_12ppd__S_e,0.0
EX_14glucan_e,0.0
EX_15dap_e,0.0
EX_23camp_e,0.0
EX_23ccmp_e,0.0
EX_23cgmp_e,0.0
EX_23cump_e,0.0
EX_23dappa_e,0.0
EX_26dap__M_e,0.0
EX_2ddglcn_e,0.0
EX_34dhpac_e,0.0
EX_3amp_e,0.0
EX_3cmp_e,0.0
EX_3gmp_e,0.0
EX_3hcinnm_e,0.0
EX_3hpp_e,0.0
EX_3hpppn_e,0.0
EX_3ump_e,0.0
EX_4abut_e,0.0
EX_4hoxpacd_e,0.0
EX_5dglcn_e,0.0
EX_5mtr_e,0.005836317325100073
EX_LalaDglu_e,0.0
EX_LalaDgluMdap_e,0.0
EX_LalaDgluMdapDala_e,0.0
EX_LalaLglu_e,0.0
EX_ac_e,1.5426826751096465
EX_acac_e,0.0
EX_acald_e,0.0
EX_acgal_e,0.0
EX_acgal1p_e,0.0
EX_acgam_e,0.0
EX_acgam1p_e,0.0
EX_acmana_e,0.0
EX_acmum_e,0.0
EX_acnam_e,0.0
EX_acolipa_e,0.0
EX_acser_e,0.0
EX_ade_e,0.0
EX_adn_e,0.0
EX_adocbl_e,0.0
EX_ag_e,0.0
EX_agm_e,0.0
EX_akg_e,0.0
EX_ala_B_e,0.0
EX_ala__D_e,0.0
EX_ala__L_e,0.0
EX_alaala_e,0.0
EX_all__D_e,0.0
EX_alltn_e,0.0
EX_amp_e,0.0
EX_anhgm_e,0.0
EX_arab__L_e,0.0
EX_arbt_e,0.0
EX_arbtn_e,0.0
EX_arbtn_fe3_e,0.0
EX_arg__L_e,0.0
EX_ascb__L_e,0.0
EX_asn__L_e,0.0
EX_aso3_e,0.0
EX_asp__L_e,0.0
EX_btn_e,0.0
EX_but_e,0.0
EX_butso3_e,0.0
EX_ca2_e,-0.004285504655085344
EX_cbi_e,0.0
EX_cbl1_e,-0.00019298617489580612
EX_cd2_e,0.0
EX_cgly_e,0.0
EX_chol_e,0.0
EX_chtbs_e,0.0
EX_cit_e,0.0
EX_cl_e,-0.004285504655085344
EX_cm_e,0.0
EX_cmp_e,0.0
EX_co2_e,12.000679623598222
EX_cobalt2_e,-2.0769812544840118e-05
EX_colipa_e,0.0
EX_colipap_e,0.0
EX_cpgn_e,0.0
EX_cpgn_un_e,0.0
EX_crn_e,0.0
EX_crn__D_e,0.0
EX_csn_e,0.0
EX_cu_e,0.0
EX_cu2_e,-0.0005832855689675933
EX_cyan_e,0.0
EX_cynt_e,0.0
EX_cys__D_e,0.0
EX_cys__L_e,0.0
EX_cytd_e,0.0
EX_dad_2_e,0.0
EX_damp_e,0.0
EX_dca_e,0.0
EX_dcmp_e,0.0
EX_dcyt_e,0.0
EX_ddca_e,0.0
EX_dgmp_e,0.0
EX_dgsn_e,0.0
EX_dha_e,0.0
EX_dimp_e,0.0
EX_din_e,0.0
EX_dms_e,0.0
EX_dmso_e,0.0
EX_dopa_e,0.0
EX_doxrbcn_e,0.0
EX_dtmp_e,0.0
EX_dump_e,0.0
EX_duri_e,0.0
EX_eca4colipa_e,0.0
EX_enlipa_e,0.0
EX_enter_e,0.0
EX_etha_e,0.0
EX_ethso3_e,0.0
EX_etoh_e,0.0
EX_f6p_e,0.0
EX_fald_e,0.0
EX_fe2_e,-0.007008946325027505
EX_fe3_e,-0.006428256982628011
EX_fe3dcit_e,0.0
EX_fe3dhbzs_e,0.0
EX_fe3hox_e,0.0
EX_fe3hox_un_e,0.0
EX_fecrm_e,0.0
EX_fecrm_un_e,0.0
EX_feenter_e,0.0
EX_feoxam_e,0.0
EX_feoxam_un_e,0.0
EX_for_e,9.52349256305931
EX_fru_e,0.0
EX_frulys_e,0.0
EX_fruur_e,0.0
EX_fuc__L_e,0.0
EX_fum_e,0.0
EX_fusa_e,0.0
EX_g1p_e,0.0
EX_g3pc_e,0.0
EX_g3pe_e,0.0
EX_g3pg_e,0.0
EX_g3pi_e,0.0
EX_g3ps_e,0.0
EX_g6p_e,0.0
EX_gal_e,0.0
EX_gal_bD_e,0.0
EX_gal1p_e,0.0
EX_galct__D_e,0.0
EX_galctn__D_e,0.0
EX_galctn__L_e,0.0
EX_galt_e,0.0
EX_galur_e,0.0
EX_gam_e,0.0
EX_gam6p_e,0.0
EX_gbbtn_e,0.0
EX_gdp_e,0.0
EX_glc__D_e,-10.0
EX_glcn_e,0.0
EX_glcr_e,0.0
EX_glcur_e,0.0
EX_glcur1p_e,0.0
EX_gln__L_e,0.0
EX_glu__L_e,0.0
EX_gly_e,0.0
EX_glyald_e,0.0
EX_glyb_e,0.0
EX_glyc_e,0.0
EX_glyc__R_e,0.0
EX_glyc2p_e,0.0
EX_glyc3p_e,0.0
EX_glyclt_e,0.0
EX_gmp_e,0.0
EX_gsn_e,0.0
EX_gthox_e,0.0
EX_gthrd_e,0.0
EX_gtp_e,0.0
EX_gua_e,0.0
EX_h_e,18.751064727561918
EX_h2_e,0.0
EX_h2o_e,34.314101175135036
EX_h2o2_e,0.0
EX_h2s_e,0.0
EX_hacolipa_e,0.0
EX_halipa_e,0.0
EX_hdca_e,0.0
EX_hdcea_e,0.0
EX_hg2_e,0.0
EX_his__L_e,0.0
EX_hom__L_e,0.0
EX_hxa_e,0.0
EX_hxan_e,0.0
EX_idon__L_e,0.0
EX_ile__L_e,0.0
EX_imp_e,0.0
EX_indole_e,0.0
EX_inost_e,0.0
EX_ins_e,0.0
EX_isetac_e,0.0
EX_k_e,-0.16069777047714007
EX_kdo2lipid4_e,0.0
EX_lac__D_e,0.0
EX_lac__L_e,0.0
EX_lcts_e,0.0
EX_leu__L_e,0.0
EX_lipa_e,0.0
EX_lipa_cold_e,0.0
EX_lipoate_e,0.0
EX_lys__L_e,0.0
EX_lyx__L_e,0.0
EX_mal__D_e,0.0
EX_mal__L_e,0.0
EX_malt_e,0.0
EX_malthx_e,0.0
EX_maltpt_e,0.0
EX_malttr_e,0.0
EX_maltttr_e,0.0
EX_man_e,0.0
EX_man6p_e,0.0
EX_manglyc_e,0.0
EX_melib_e,0.0
EX_meoh_e,1.73081771207001e-06
EX_met__D_e,0.0
EX_met__L_e,0.0
EX_metsox_R__L_e,0.0
EX_metsox_S__L_e,0.0
EX_mg2_e,-0.007142219288856892
EX_mincyc_e,0.0
EX_minohp_e,0.0
EX_mmet_e,0.0
EX_mn2_e,-0.0005694390272710332
EX_mnl_e,0.0
EX_mobd_e,-0.00011856101327679567
EX_mso3_e,0.0
EX_n2o_e,0.0
EX_na1_e,0.0
EX_nac_e,0.0
EX_nh4_e,-9.092226890574457
EX_ni2_e,-0.0002656805188027465
EX_nmn_e,0.0
EX_no_e,0.0
EX_no2_e,0.0
EX_no3_e,0.0
EX_novbcn_e,0.0
EX_o16a4colipa_e,0.0
EX_o2_e,-15.0
EX_o2s_e,0.0
EX_ocdca_e,0.0
EX_ocdcea_e,0.0
EX_octa_e,0.0
EX_orn_e,0.0
EX_orot_e,0.0
EX_pacald_e,0.0
EX_peamn_e,0.0
EX_phe__L_e,0.0
EX_pheme_e,0.0
EX_pi_e,-0.8023603592373835
EX_pnto__R_e,0.0
EX_ppa_e,0.0
EX_ppal_e,0.0
EX_pppn_e,0.0
EX_ppt_e,0.0
EX_pro__L_e,0.0
EX_progly_e,0.0
EX_psclys_e,0.0
EX_pser__L_e,0.0
EX_ptrc_e,0.0
EX_pydam_e,0.0
EX_pydx_e,0.0
EX_pydxn_e,0.0
EX_pyr_e,0.0
EX_quin_e,0.0
EX_r5p_e,0.0
EX_rfamp_e,0.0
EX_rib__D_e,0.0
EX_rmn_e,0.0
EX_sbt__D_e,0.0
EX_sel_e,0.0
EX_ser__D_e,0.0
EX_ser__L_e,0.0
EX_skm_e,0.0
EX_slnt_e,0.0
EX_so2_e,0.0
EX_so3_e,0.0
EX_so4_e,-0.21806831977026844
EX_spmd_e,0.0
EX_succ_e,0.0
EX_sucr_e,0.0
EX_sulfac_e,0.0
EX_tartr__D_e,0.0
EX_tartr__L_e,0.0
EX_taur_e,0.0
EX_tcynt_e,0.0
EX_thm_e,0.0
EX_thr__L_e,0.0
EX_thrp_e,0.0
EX_thym_e,0.0
EX_thymd_e,0.0
EX_tma_e,0.0
EX_tmao_e,0.0
EX_tre_e,0.0
EX_trp__L_e,0.0
EX_tsul_e,0.0
EX_ttdca_e,0.0
EX_ttdcea_e,0.0
EX_ttrcyc_e,0.0
EX_tungs_e,0.0
EX_tym_e,0.0
EX_tyr__L_e,0.0
EX_tyrp_e,0.0
EX_uacgam_e,0.0
EX_udpacgal_e,0.0
EX_udpg_e,0.0
EX_udpgal_e,0.0
EX_udpglcur_e,0.0
EX_ump_e,0.0
EX_ura_e,0.0
EX_urea_e,0.0
EX_uri_e,0.0
EX_val__L_e,0.0
EX_xan_e,0.0
EX_xmp_e,0.0
EX_xtsn_e,0.0
EX_xyl__D_e,0.0
EX_xylu__L_e,0.0
EX_zn2_e,-0.0002803924693553416
12DGR120tipp,0.0
12DGR140tipp,0.0
12DGR141tipp,0.0
12DGR160tipp,0.0
12DGR161tipp,0.0
12DGR180tipp,0.0
12DGR181tipp,0.0
12PPDRtex,0.0
12PPDRtpp,0.0
12PPDStex,0.0
12PPDStpp,0.0
14GLUCANabcpp,0.0
14GLUCANtexi,0.0
23CAMPtex,0.0
23CCMPtex,0.0
23CGMPtex,0.0
23CUMPtex,0.0
23DAPPAt2pp,0.0
23DAPPAtex,0.0
23PDE2pp,0.0
23PDE4pp,0.0
23PDE7pp,0.0
23PDE9pp,0.0
26DAHtex,0.0
2AGPA120tipp,0.0
2AGPA140tipp,0.0
2AGPA141tipp,0.0
2AGPA160tipp,0.0
2AGPA161tipp,0.0
2AGPA180tipp,0.0
2AGPA181tipp,0.0
2AGPE120tipp,0.0
2AGPE140tipp,0.0
2AGPE141tipp,0.0
2AGPE160tipp,0.0
2AGPE161tipp,0.0
2AGPE180tipp,0.0
2AGPE181tipp,0.0
2AGPEAT120,0.0
2AGPEAT140,0.0
2AGPEAT141,0.0
2AGPEAT160,0.0
2AGPEAT161,0.0
2AGPEAT180,0.0
2AGPEAT181,0.0
2AGPG120tipp,0.0
2AGPG140tipp,0.0
2AGPG141tipp,0.0
2AGPG160tipp,0.0
2AGPG161tipp,0.0
2AGPG180tipp,0.0
2AGPG181tipp,0.0
2AGPGAT120,0.0
2AGPGAT140,0.0
2AGPGAT141,0.0
2AGPGAT160,0.0
2AGPGAT161,0.0
2AGPGAT180,0.0
2AGPGAT181,0.0
2DGULRGx,0.0
2DGULRGy,0.0
2DGULRx,0.0
2DGULRy,0.0
2MAHMP,0.0
34dhpactex,0.0
3AMACHYD,0.0
3AMPtex,0.0
3CMPtex,0.0
3GMPtex,0.0
3HAD100,0.0
3HAD120,0.0
3HAD121,0.0
3HAD140,0.0
3HAD141,0.0
3HAD160,0.0
3HAD161,0.0
3HAD180,0.0
3HAD181,0.0
3HAD40,0.0
3HAD60,0.0
3HAD80,0.0
3HCINNMH,0.0
3HPPPNH,0.0
3HPPtex,0.0
3HPPtpp,0.0
3KGK,0.0
3NTD2pp,0.0
3NTD4pp,0.0
3NTD7pp,0.0
3NTD9pp,0.0
3OAR100,0.0
3OAR120,0.0
3OAR121,0.0
3OAR140,0.0282157903421653
3OAR141,0.0
3OAR160,0.0
3OAR161,0.0
3OAR180,0.0
3OAR181,0.0
3OAR40,0.0
3OAR60,0.0
3OAR80,0.0
3OAS100,0.0
3OAS120,0.0
3OAS121,0.0
3OAS140,0.0282157903421653
3OAS141,0.0
3OAS160,0.0
3OAS161,0.0
3OAS180,0.0
3OAS181,0.0
3OAS60,0.0
3OAS80,0.0
3OXCOAT,0.0
3PEPTabcpp,0.0
3PEPTtex,0.0
3UMPtex,0.0
42A12BOOXpp,0.0
4HOXPACDtex,0.0
4HTHRS,0.0
4PCP,0.0
4PCPpp,0.0
4PEPTabcpp,0.0
4PEPTtex,0.0
5DGLCNR,0.0
5DGLCNt2rpp,0.0
5DGLCNtex,0.0
5DOAN,0.00019990944574409166
5MTRtex,-0.005836317325100073
5MTRtpp,0.005836317325100073
A5PISO,0.021161842756623975
AACPS1,0.007053947585541325
AACPS2,0.0
AACPS3,0.10497582505475818
AACPS4,0.08164959474919065
AACPS5,0.04208137103355815
AACPS6,0.0
AACPS7,0.03526973792770663
AACPS8,0.0
AACPS9,2.5962265681050148e-06
AACTOOR,0.0
AADDGT,0.0
AAMYL,0.0
AAMYLpp,0.0
AB6PGH,0.0
ABTA,0.0
ABUTD,0.0
ABUTt2pp,0.0
ABUTtex,0.0
ACACCT,0.0
ACACT1r,0.271033072577323
ACACT2r,0.271033072577323
ACACT3r,0.271033072577323
ACACT4r,0.2710304763507549
ACACT5r,0.2710304763507549
ACACT6r,0.2357607384230483
ACACT7r,0.22870679083750697
ACACT8r,-0.04208137103355815
ACACt2pp,0.0
ACACtex,0.0
ACALD,0.0
ACALDtex,0.0
ACALDtpp,0.0
ACANTHAT,0.0
ACBIPGT,0.0
ACCOAC,0.0282478104698386
ACCOAL,0.0
ACGAL1PPpp,0.0
ACGAL1Ptex,0.0
ACGALtex,0.0
ACGAM1PPpp,0.0
ACGAM1Ptex,0.0
ACGAMK,0.0
ACGAMT,0.0
ACGAptspp,0.0
ACGAtex,0.0
ACGK,0.2833642833669658
ACGS,0.2833642833669658
ACHBS,0.2443101125118181
ACKr,-1.03071285374133
ACLS,0.7351977087382658
ACM6PH,0.0
ACMAMUT,0.0
ACMANAptspp,0.0
ACMANAtex,0.0
ACMUMptspp,0.0
ACMUMtex,0.0
ACNAMt2pp,0.0
ACNAMtex,0.0
ACNML,0.0
ACOAD1f,-0.271033072577323
ACOAD2f,-0.271033072577323
ACOAD3f,-0.271033072577323
ACOAD4f,-0.2710304763507549
ACOAD5f,-0.2710304763507549
ACOAD6f,-0.2357607384230483
ACOAD7f,-0.14705719608831633
ACOAD8f,0.0
ACOATA,0.0
ACODA,0.2833642833669658
ACOLIPAabctex,0.0
ACONIs,0.0
ACONMT,0.0
ACONTa,5.482899823752275
ACONTb,5.482899823752275
ACOTA,-0.2833642833669658
ACPPAT120,0.0
ACPPAT140,0.0
ACPPAT141,0.0
ACPPAT160,0.0
ACPPAT161,0.0
ACPPAT180,0.0
ACPPAT181,0.0
ACPS1,0.0
ACS,0.0
ACSERtex,0.0
ACSERtpp,0.0
ACt2rpp,-1.5426826751096465
ACt4pp,0.0
ACtex,-1.5426826751096465
ADA,0.0
ADCL,0.0007719446995714457
ADCS,0.0007719446995714457
ADD,0.0
ADEt2rpp,0.0
ADEtex,0.0
ADK1,1.4104182567089867
ADK3,0.0
ADK4,0.0
ADMDC,0.005836317325100073
ADNCYC,0.0
ADNK1,0.007195874637931081
ADNUC,0.0
ADNt2pp_copy1,0.0
ADNt2pp_copy2,0.0
ADNtex,0.0
ADOCBIK,0.0
ADOCBLS,0.0
ADOCBLabcpp,0.0
ADOCBLtonex,0.0
ADPRDP,0.0
ADPT,0.0
ADSK,0.214497642830268
ADSL1r,0.2512818462560187
ADSL2r,0.3763334259530734
ADSS,0.2512818462560187
AGDC,0.0
AGM3PA,0.0
AGM3PApp,0.0
AGM3PH,0.0
AGM3Pt2pp,0.0
AGM4PA,0.0
AGM4PApp,0.0
AGM4PCP,0.0
AGM4PCPpp,0.0
AGM4PH,0.0
AGM4Pt2pp,0.0
AGMH,0.0
AGMHE,0.0282157903421653
AGMT,0.0
AGMt2pp,0.0
AGMtex,0.0
AGPAT120,0.0
AGPAT140,0.0
AGPAT141,0.0
AGPAT160,0.05248791252737909
AGPAT161,0.04082479737459532
AGPAT180,0.0
AGPAT181,0.021040685516779074
AGPR,-0.2833642833669658
AGt3,0.0
AHCYSNS,0.001159647867086916
AICART,0.45599950360422736
AIRC2,0.3763334259530734
AIRC3,-0.3763334259530734
AKGDH,4.541208638693224
AKGt2rpp,0.0
AKGtex,0.0
ALAALAD,0.0
ALAALAabcpp,0.0028515221806353413
ALAALAr,0.02101385784224199
ALAALAtex,0.0
ALAGLUE,0.0
ALAR,0.02101385784224199
ALATA_D2,0.0
ALATA_L,0.0
ALATA_L2,0.0
ALATRS,0.0
ALAabcpp,0.0
ALAt2pp_copy1,0.0
ALAt2pp_copy2,0.0
ALAt4pp,0.0
ALAtex,0.0
ALCD19,0.0
ALCD2x,0.0
ALDD19xr,0.0
ALDD2x,0.0
ALDD2y,0.0
ALDD3y,0.0
ALDD4,0.0
ALLK,0.0
ALLPI,0.0
ALLTAMH,0.0
ALLTN,0.0
ALLTNt2rpp,0.0
ALLTNtex,0.0
ALLULPE,0.0
ALLabcpp,0.0
ALLtex,0.0
ALPATE160pp,0.0
ALPATG160pp,0.0
ALR2,0.0
ALR4x,0.0
ALTRH,0.0
AM3PA,0.0
AM4PA,0.0
AM4PCP,0.0
AMALT1,0.0
AMALT2,0.0
AMALT3,0.0
AMALT4,0.0
AMANAPEr,0.0
AMANK,0.0
AMAOTr,1.73081771207001e-06
AMMQLT8,0.00019298617489580612
AMPMS2,0.00019298617489580612
AMPN,0.0
AMPTASECG,0.0
AMPTASEPG,0.0
AMPtex,0.0
ANHGMtex,0.0
ANHMK,0.0
ANPRT,0.047799992754237464
ANS,0.047799992754237464
AOBUTDs,0.0
AOXSr2,1.73081771207001e-06
AP4AH,0.0
AP4AS,0.0
AP5AH,0.0
APCS,0.0
APG3PAT120,0.0
APG3PAT140,0.0
APG3PAT141,0.0
APG3PAT160,0.0
APG3PAT161,0.0
APG3PAT180,0.0
APG3PAT181,0.0
APH120,0.0
APH140,0.0
APH141,0.0
APH160,0.0
APH161,0.0
APH180,0.0
APH181,0.0
APPLDHr,0.0
APRAUR,0.0003859723497916139
ARAI,0.0
ARBTNR1,0.0
ARBTNR2,0.0
ARBTNR3,0.0
ARBTNabcpp,0.0
ARBTNexs,0.0
ARBTNtex,0.0
ARBTNtonex,0.0
ARBTNtpp,0.0
ARBTptspp,0.0
ARBTtex,0.0
ARBabcpp,0.0
ARBt2rpp,0.0
ARBt3ipp,0.0
ARBtex,0.0
ARGAGMt7pp,0.0
ARGDC,0.0
ARGDCpp,0.0
ARGORNt7pp,0.0
ARGSL,0.24873581340158113
ARGSS,0.24873581340158113
ARGTRS,0.0
ARGabcpp,0.0
ARGt3pp,0.0
ARGtex,0.0
ASAD,-0.9053405514701722
ASCBPL,0.0
ASCBptspp,0.0
ASCBtex,0.0
ASNN,0.0
ASNNpp,0.0
ASNS1,0.0
ASNS2,0.2027064471667913
ASNTRS,0.0
ASNabcpp,0.0
ASNt2rpp,0.0
ASNtex,0.0
ASO3t8pp,0.0
ASO3tex,0.0
ASP1DC,0.0004984755010759888
ASPCT,0.2772112264005569
ASPK,0.9053405514701722
ASPO3,0.0
ASPO4,0.0
ASPO5,0.0
ASPO6,0.0019722667829019775
ASPT,0.0
ASPTA,-2.466786500098963
ASPTRS,0.0
ASPabcpp,0.0
ASPt2_2pp,0.0
ASPt2_3pp,0.0
ASPt2pp_copy1,0.0
ASPt2pp_copy2,0.0
ASPtex,0.0
ASR,0.0
AST,0.0
ATHRDHr,0.0
ATPHs,0.0
ATPM,3.15
ATPPRT,0.07966607765115842
ATPS4rpp,44.286395648509185
BALAt2pp,0.0
BALAtex,0.0
BETALDHx,0.0
BETALDHy,0.0
BMOCOS,0.00010038742730006057
BMOGDS1,0.00010038742730006057
BMOGDS2,0.00010038742730006057
BPNT,0.214497642830268
BSORx,0.0
BSORy,0.0
BTNt2ipp,0.0
BTNtex,0.0
BTS5,1.73081771207001e-06
BUTCT,0.0
BUTSO3abcpp,0.0
BUTSO3tex,0.0
BUTt2rpp,0.0
BUTtex,0.0
BWCOGDS1,0.0
BWCOGDS2,0.0
BWCOS,0.0
CA2t3pp,0.0
CA2tex,0.004285504655085344
CADVtpp,0.0
CAT,0.0
CAt6pp,-0.004285504655085344
CBIAT,0.0
CBItonex,0.0
CBIuabcpp,0.0
CBL1abcpp,0.00019298617489580612
CBL1tonex,0.00019298617489580612
CBLAT,0.00019298617489580612
CBMD,0.0
CBMKr,0.525947039802138
CBPS,0.0
CCGS,0.0
CD2abcpp,0.0
CD2t3pp,0.0
CD2tex,0.0
CD2tpp,0.0
CDAPPA120,0.0
CDAPPA140,0.0
CDAPPA141,0.0
CDAPPA160,0.0
CDAPPA161,0.0
CDAPPA180,0.0
CDAPPA181,0.0
CDGR,0.0
CDGS,0.0
CDPMEK,0.005734199080087954
CFAS160E,0.0
CFAS160G,0.0
CFAS180E,0.0
CFAS180G,0.0
CGLYabcpp,0.0
CGLYtex,0.0
CHLabcpp,0.0
CHLt2pp,0.0
CHLtex,0.0
CHOLD,0.0
CHORM,0.27194348269387186
CHORS,0.3218663233719513
CHRPL,0.00019298617489580612
CHTBSptspp,0.0
CHTBStex,0.0
CINNDO,0.0
CITL,0.0
CITt3pp,0.0
CITt7pp,0.0
CITtex,0.0
CLIPAabctex,0.0
CLPNH120pp,0.0
CLPNH140pp,0.0
CLPNH141pp,0.0
CLPNH160pp,0.0
CLPNH161pp,0.0
CLPNH180pp,0.0
CLPNH181pp,0.0
CLPNS120pp,0.0
CLPNS140pp,0.0
CLPNS141pp,0.0
CLPNS160pp,0.0025477636721670544
CLPNS161pp,0.0019817862803201613
CLPNS180pp,0.0
CLPNS181pp,0.001021182450121306
CLt3_2pp,0.002142752327542672
CLtex,0.004285504655085344
CMPN,0.0
CMPtex,0.0
CMtex,0.0
CMtpp,0.0
CO2tex,-12.000679623598222
CO2tpp,-12.000679623598222
COBALT2abcpp,0.0
COBALT2t3pp,0.0
COBALT2tex,2.0769812544840118e-05
COBALT2tpp,2.0769812544840118e-05
COLIPAKpp,0.0
COLIPAPabctex,0.0
COLIPAabcpp,0.007053947585541325
COLIPAabctex,0.007053947585541325
CPGNR1,0.0
CPGNR2,0.0
CPGNR3,0.0
CPGNUtex,0.0
CPGNUtpp,0.0
CPGNabcpp,0.0
CPGNexs,0.0
CPGNtonex,0.0
CPH4S,0.0
CPMPS,0.00021289057858461124
CPPPGO,0.00038597234979161223
CPPPGO2,0.0
CRNBTCT,0.0
CRNCAL2,0.0
CRNCAR,0.0
CRNCBCT,0.0
CRNCDH,0.0
CRNDCAL2,0.0
CRNDabcpp,0.0
CRNDt2rpp,0.0
CRNDtex,0.0
CRNabcpp,0.0
CRNt2rpp,0.0
CRNt7pp,0.0
CRNt8pp,0.0
CRNtex,0.0
CS,5.482899823752275
CSND,0.0
CSNt2pp,0.0
CSNtex,0.0
CTBTCAL2,0.0
CTBTabcpp,0.0
CTBTt2rpp,0.0
CTECOAI6,0.0
CTECOAI7,-0.08164959474919065
CTECOAI8,-0.04208137103355815
CTPS2,0.13450011358724842
CU1Opp,0.0
CU1abcpp,0.0
CU2abcpp,0.0
CU2tex,0.0005832855689675933
CU2tpp,0.0005832855689675933
CUt3,0.0
CUtex,0.0
CYANST,0.0
CYANSTpp,0.0
CYANtex,0.0
CYNTAH,0.0
CYNTt2pp,0.0
CYNTtex,0.0
CYSDDS,0.0
CYSDS,0.0
CYSDabcpp,0.0
CYSDtex,0.0
CYSS,0.214497642830268
CYSSADS,0.0
CYSTL,0.13526773124255143
CYSTRS,0.0
CYSabc2pp,0.0
CYSabcpp,0.0
CYStex,0.0
CYStpp,0.0
CYTBD2pp,0.0
CYTBDpp,0.0
CYTBO3_4pp,29.998649096775715
CYTD,0.0
CYTDH,0.0
CYTDK2,0.0
CYTDt2pp_copy1,0.0
CYTDt2pp_copy2,0.0
CYTDtex,0.0
CYTK1,0.14174791275654142
CYTK2,0.0
D_LACt2pp,0.0
D_LACtex,0.0
DAAD,0.0
DADA,0.0
DADK,0.0
DADNt2pp,0.0
DADNtex,0.0
DAGK120,0.0
DAGK140,0.0
DAGK141,0.0
DAGK160,0.0
DAGK161,0.0
DAGK180,0.0
DAGK181,0.0
DALAt2pp,0.02101385784224199
DALAtex,0.0
DAMPtex,0.0
DAPAL,0.0
DAPDC,0.28856885222716033
DAPE,0.3124342322500377
DAPabcpp,0.0
DAPtex,0.0
DASYN120,0.0
DASYN140,0.0
DASYN141,0.0
DASYN160,0.05248791252737909
DASYN161,0.04082479737459532
DASYN180,0.0
DASYN181,0.021040685516779074
DATPHs,0.0
DB4PS,0.0007719446995832278
DBTS,1.73081771207001e-06
DC6PH,0.0
DCAtex,0.0
DCMPtex,0.0
DCTPD,0.0
DCYTD,0.0
DCYTt2pp,0.0
DCYTtex,0.0
DDCAtexi,0.0
DDGALK,0.0
DDGLCNt2rpp,0.0
DDGLCNtex,0.0
DDGLK,0.0
DDPA,0.3218663233719513
DDPGALA,0.0
DGK1,0.0
DGMPtex,0.0
DGSNt2pp,0.0
DGSNtex,0.0
DHACOAH,0.0
DHAD1,0.7351977087382658
DHAD2,0.2443101125118181
DHAPT,1.9855573924398466
DHAtex,0.0
DHAtpp,0.0
DHBD,0.0005789585246874184
DHBS,0.0005789585246874184
DHBSH,0.0
DHCIND,0.0
DHCINDO,0.0
DHDPRy,0.3124342322500377
DHDPS,0.3124342322500377
DHFR,0.022238411373519746
DHFS,0.0007719446995714457
DHMPTR,0.0
DHNAOT4,0.00038597234979161223
DHNCOAS,0.00038597234979161223
DHNCOAT,0.00038597234979161223
DHNPA2r,0.0007719446995714457
DHNPTE,0.0
DHORD2,0.2772112264005569
DHORD5,0.0
DHORDfum,0.0
DHORTS,-0.2772112264005569
DHPPD,0.0
DHPPDA2,0.0003859723497916139
DHPS2,0.0007719446995714457
DHPTDCs2,0.001159647867086916
DHPTDNR,0.0
DHPTDNRN,0.0
DHPTPE,0.0
DHQS,0.3218663233719513
DHQTi,0.3218663233719513
DIMPtex,0.0
DINSt2pp,0.0
DINStex,0.0
DKGLCNR1,0.0
DKGLCNR2x,0.0
DKGLCNR2y,0.0
DMATT,0.0008195421866651513
DMPPS,0.005734199080087954
DMQMT,0.00019298617489580612
DMSOR1,0.0
DMSOR1pp,0.0
DMSOR2,0.0
DMSOR2pp,0.0
DMSOtex,0.0
DMSOtpp,0.0
DMStex,0.0
DNMPPA,0.0007719446995714457
DNTPPA,0.0007719446995714457
DOGULNR,0.0
DOPAtex,0.0
DOXRBCNtex,0.0
DOXRBCNtpp,0.0
DPCOAK,0.0004984755010759888
DPR,0.0004984755010759888
DRPA,0.0
DSBAO1,0.0
DSBAO2,0.0
DSBCGT,0.0
DSBDR,0.0
DSBGGT,0.0
DSERDHr,0.0
DSERt2pp,0.0
DSERtex,0.0
DTARTD,0.0
DTMPK,0.0214664666739483
DTMPtex,0.0
DUMPtex,0.0
DURADx,0.0
DURIK1,0.0
DURIPP,0.0
DURIt2pp,0.0
DURItex,0.0
DUTPDP,0.0214664666739483
DXPRIi,0.005734199080087954
DXPS,0.006120171429879567
DXYLK,0.0
E4PD,0.00019298617489580612
EAR100x,0.0
EAR100y,0.0
EAR120x,0.0
EAR120y,0.0
EAR121x,0.0
EAR121y,0.0
EAR140x,0.0
EAR140y,0.0
EAR141x,0.0
EAR141y,0.0
EAR160x,0.0
EAR160y,0.0
EAR161x,0.0
EAR161y,0.0
EAR180x,0.0
EAR180y,0.0
EAR181x,0.0
EAR181y,0.0
EAR40x,0.0
EAR40y,0.0
EAR60x,0.0
EAR60y,0.0
EAR80x,0.0
EAR80y,0.0
ECA4COLIPAabctex,0.0
ECA4OALpp,0.0
ECAP1pp,0.0
ECAP2pp,0.0
ECAP3pp,0.0
ECAtpp,0.0
ECOAH1,0.271033072577323
ECOAH2,0.271033072577323
ECOAH3,0.271033072577323
ECOAH4,0.2710304763507549
ECOAH5,0.2710304763507549
ECOAH6,0.2357607384230483
ECOAH7,0.22870679083750697
ECOAH8,0.04208137103355815
EDA,0.0
EDD,0.0
EDTXS1,0.007053947585541325
EDTXS2,0.007053947585541325
EDTXS3,0.0
EDTXS4,0.0
EGMEACPR,1.73081771207001e-06
ENLIPAabctex,0.0
ENO,15.205756726878914
ENTCS,0.00019298617489580612
ENTERES,0.0
ENTERES2,0.0
EPMEACPR,1.73081771207001e-06
ETHAAL,0.0
ETHAt2pp,0.0
ETHAtex,0.0
ETHSO3abcpp,0.0
ETHSO3tex,0.0
ETOHtex,0.0
ETOHtrpp,0.0
F6PA,1.9855573924398466
F6PP,0.0
F6Pt6_2pp,0.0
F6Ptex,0.0
FA100ACPHi,0.0
FA120ACPHi,0.0
FA140ACPHi,0.0
FA141ACPHi,0.0
FA160ACPHi,0.0
FA161ACPHi,0.0
FA80ACPHi,0.0
FACOAE100,0.0
FACOAE120,0.03526973792770663
FACOAE140,0.007053947585541325
FACOAE141,0.0
FACOAE160,0.10497582505475818
FACOAE161,0.08164959474919065
FACOAE180,0.0
FACOAE181,0.04208137103355815
FACOAE60,0.0
FACOAE80,2.5962265681050148e-06
FACOAL100t2pp,0.0
FACOAL120t2pp,0.0
FACOAL140t2pp,0.0
FACOAL141t2pp,0.0
FACOAL160t2pp,0.0
FACOAL161t2pp,0.0
FACOAL180t2pp,0.0
FACOAL181t2pp,0.0
FACOAL60t2pp,0.0
FACOAL80t2pp,0.0
FADRx,1.7386487968082704
FADRx2,0.0
FALDH2,0.0
FALDtex,0.0
FALDtpp,0.0
FALGTHLs,0.0
FBA,0.0
FBA3,6.135006701194035
FBP,0.0
FCI,0.0
FCLK,0.0
FCLPA,0.0
FCLT,0.00038597234979161223
FDH4pp,0.0
FDH5pp,0.0
FDMO,0.0
FDMO2,0.0
FDMO3,0.0
FDMO4,0.0
FDMO6,0.0
FE2abcpp,0.0
FE2t2pp,0.0
FE2t3pp,0.0
FE2tex,0.007008946325027505
FE2tpp,0.007008946325027505
FE3DCITabcpp,0.0
FE3DCITtonex,0.0
FE3DHBZR,0.0
FE3DHBZSabcpp,0.0
FE3DHBZStonex,0.0
FE3HOXR1,0.0
FE3HOXR2,0.0
FE3HOXR3,0.0
FE3HOXUtex,0.0
FE3HOXUtpp,0.0
FE3HOXabcpp,0.0
FE3HOXexs,0.0
FE3HOXtonex,0.0
FE3Ri,0.0
FE3abcpp,0.006428256982628011
FE3tex,0.006428256982628011
FECRMR1,0.0
FECRMR2,0.0
FECRMR3,0.0
FECRMUtex,0.0
FECRMUtpp,0.0
FECRMabcpp,0.0
FECRMexs,0.0
FECRMtonex,0.0
FEENTERR1,0.0
FEENTERR2,0.0
FEENTERR3,0.0
FEENTERabcpp,0.0
FEENTERexs,0.0
FEENTERtex,0.0
FEENTERtonex,0.0
FEENTERtpp,0.0
FEOXAMR1,0.0
FEOXAMR2,0.0
FEOXAMR3,0.0
FEOXAMUtex,0.0
FEOXAMUtpp,0.0
FEOXAMabcpp,0.0
FEOXAMexs,0.0
FEOXAMtonex,0.0
FEROpp,0.0
FESD1s,2.6020852139652106e-18
FESD2s,0.0
FESR,0.0
FFSD,0.0
FHL,0.0
FLDR2,0.0
FLVR,0.0
FLVRx,0.0
FMETTRS,0.0
FMNAT,0.0001929861748958078
FMNRx,0.0
FMNRx2,0.0
FOMETRi,0.0
FORCT,0.0
FORt2pp,0.0
FORtex,-9.52349256305931
FORtppi,9.52349256305931
FRD2,0.0
FRD3,0.0
FRUK,0.0
FRULYSDG,0.0
FRULYSE,0.0
FRULYSK,0.0
FRULYSt2pp,0.0
FRULYStex,0.0
FRUURt2rpp,0.0
FRUURtex,0.0
FRUpts2pp,0.0
FRUptspp,0.0
FRUtex,0.0
FTHFD,0.0
FTHFLi,0.0
FUCtex,0.0
FUCtpp,0.0
FUM,5.417474914236003
FUMt2_2pp,0.0
FUMt2_3pp,0.0
FUMtex,0.0
FUSAtex,0.0
FUSAtpp,0.0
G1PACT,0.06183865521683731
G1PPpp,0.0
G1PTT,0.007053947585541325
G1Ptex,0.0
G1SAT,0.004631668197499346
G2PP,0.0
G2PPpp,0.0
G3PAT120,0.0
G3PAT140,0.0
G3PAT141,0.0
G3PAT160,0.05248791252737909
G3PAT161,0.04082479737459532
G3PAT180,0.0
G3PAT181,0.021040685516779074
G3PCabcpp,0.0
G3PCtex,0.0
G3PD2,-0.13988814912492234
G3PD5,0.0
G3PD6,0.0
G3PD7,0.0
G3PEabcpp,0.0
G3PEtex,0.0
G3PGabcpp,0.0
G3PGtex,0.0
G3PIabcpp,0.0
G3PItex,0.0
G3PSabcpp,0.0
G3PStex,0.0
G3PT,0.0
G5SADs,0.185888091458607
G5SD,0.185888091458607
G6PDA,0.0
G6PDH2r,2.8871444072708785
G6PP,0.0
G6Pt6_2pp,0.0
G6Ptex,0.0
GAL1PPpp,0.0
GAL1Ptex,0.0
GALBDtex,0.0
GALCTD,0.0
GALCTLO,0.0
GALCTND,0.0
GALCTNLt2pp,0.0
GALCTNLtex,0.0
GALCTNt2pp,0.0
GALCTNtex,0.0
GALCTt2rpp,0.0
GALCTtex,0.0
GALKr,0.0
GALM2pp,0.0
GALS3,0.0
GALT1,0.007053947585541325
GALTptspp,0.0
GALTtex,0.0
GALURt2rpp,0.0
GALURtex,0.0
GALUi,0.0282157903421653
GALabcpp,0.0
GALt2pp,0.0
GALtex,0.0
GAM6Pt6_2pp,0.0
GAMAN6Ptex,0.0
GAMptspp,0.0
GAMtex,0.0
GAPD,16.627259572920426
GARFT,0.3765264121279692
GART,0.0
GBBTNtex,0.0
GCALDD,0.0007719446995714457
GDMANE,0.0
GDPDPK,0.0
GDPMNH,0.0
GDPMNP,0.0
GDPTPDP,0.0
GDPtex,0.0
GF6PTA,0.06183865521683731
GGGABADr,0.0
GGGABAH,0.0
GGPTRCO,0.0
GGPTRCS,0.0
GHBDHx,0.0
GHMT2r,0.9416959448077367
GK1,0.20471765734820868
GLBRAN2,0.0
GLCATr,0.0
GLCDpp,0.0
GLCNt2rpp,0.0
GLCNtex,0.0
GLCP,0.0
GLCP2,0.0
GLCRAL,0.0
GLCRD,0.0
GLCRt2rpp,0.0
GLCRtex,0.0
GLCS1,0.1334347952854693
GLCTR1,0.007053947585541325
GLCTR2,0.007053947585541325
GLCTR3,0.007053947585541325
GLCUR1Ptex,0.0
GLCURt2rpp,0.0
GLCURtex,0.0
GLCabcpp,0.0
GLCptspp,10.0
GLCt2pp,0.0
GLCtex_copy1,0.0
GLCtex_copy2,10.0
GLDBRAN2,0.0
GLGC,0.1334347952854693
GLNS,1.5036426949076234
GLNTRS,0.0
GLNabcpp,0.0
GLNtex,0.0
GLTPD,0.0
GLU5K,0.185888091458607
GLUABUTt7pp,0.0
GLUCYS,0.00019298617489580612
GLUDC,0.0
GLUDy,-7.2315264538686215
GLUN,0.0
GLUNpp,0.0
GLUPRT,0.3765264121279692
GLUR,-0.02386538002287733
GLUSy,0.0
GLUTRR,0.004631668197499346
GLUTRS,0.004631668197499346
GLUabcpp,0.0
GLUt2rpp,0.0
GLUt4pp,0.0
GLUtex,0.0
GLXCL,0.0
GLYALDtex,0.0
GLYALDtpp,0.0
GLYAT,0.0
GLYBabcpp,0.0
GLYBt2pp,0.0
GLYBtex,0.0
GLYC2Pabcpp,0.0
GLYC2Ptex,0.0
GLYC3Pabcpp,0.0
GLYC3Pt6pp,0.0
GLYC3Ptex,0.0
GLYCAt2rpp,0.0
GLYCAtex,0.0
GLYCDx,0.0
GLYCK,0.0
GLYCK2,0.0
GLYCL,0.04980125073380126
GLYCLTDx,0.0
GLYCLTDy,0.0
GLYCLTt2rpp,1.891715950552708e-15
GLYCLTt4pp,0.0
GLYCLTtex,1.891715950552708e-15
GLYCTO2,0.0007719446995733374
GLYCTO3,0.0
GLYCTO4,0.0
GLYCtex,0.0
GLYCtpp,-0.005550732402608521
GLYK,0.005550732402608521
GLYOX,0.0
GLYOX3,0.0
GLYTRS,0.0
GLYt2pp_copy1,0.0
GLYt2pp_copy2,0.0
GLYt4pp,0.0
GLYtex,0.0
GMAND,0.0
GMHEPAT,0.0282157903421653
GMHEPK,0.0282157903421653
GMHEPPA,0.0282157903421653
GMPR,0.0
GMPS2,0.20471765734820868
GMPtex,0.0
GND,2.8871444072708767
GNK,0.0
GOFUCR,0.0
GP4GH,0.0
GPDDA1,0.0
GPDDA1pp,0.0
GPDDA2,0.0
GPDDA2pp,0.0
GPDDA3,0.0
GPDDA3pp,0.0
GPDDA4,0.0
GPDDA4pp,0.0
GPDDA5,0.0
GPDDA5pp,0.0
GRTT,0.0008195421866651513
GRXR,0.214497642830268
GSNK,0.0
GSNt2pp,0.0
GSNtex,0.0
GSPMDA,0.0
GSPMDS,0.0
GTHOXtex,0.0
GTHOr,0.214497642830268
GTHPi,0.0
GTHRDHpp,0.0
GTHRDabc2pp,0.0
GTHRDabcpp,0.0
GTHRDtex,0.0
GTHS,0.00019298617489580612
GTPCI,0.0007719446995714457
GTPCII2,0.0003859723497916139
GTPDPDP,0.0
GTPDPK,0.0
GTPHs,0.0
GTPtex,0.0
GUACYC,0.0
GUAD,0.0
GUAPRT,0.0
GUAt2pp,0.0
GUAtex,0.0
GUAtpp,0.0
GUI1,0.0
GUI2,0.0
GUR1PPpp,0.0
H2O2tex,0.0
H2Otex,-34.314101175135036
H2Otpp,-34.33156339503211
H2SO,0.0
H2St1pp,0.0
H2Stex,0.0
H2tex,0.0
H2tpp,0.0
HACD1,0.271033072577323
HACD2,0.271033072577323
HACD3,0.271033072577323
HACD4,0.2710304763507549
HACD5,0.2710304763507549
HACD6,0.2357607384230483
HACD7,0.22870679083750697
HACD8,0.04208137103355815
HADPCOADH3,0.0
HBZOPT,0.00019298617489580612
HCINNMt2rpp,0.0
HCINNMtex,0.0
HCO3E,0.404581236422912
HCYSMT,0.0
HCYSMT2,0.0
HDCAtexi,0.0
HDCEAtexi,0.0
HEMEOS,0.00019298617489580612
HEPK1,0.007053947585541325
HEPK2,0.007053947585541325
HEPT1,0.007053947585541325
HEPT2,0.007053947585541325
HEPT3,0.007053947585541325
HEPT4,0.007053947585541325
HETZK,0.0
HEX1,0.0
HEX4,0.0
HEX7,0.0
HEXt2rpp,0.0
HG2abcpp,0.0
HG2t3pp,0.0
HG2tex,0.0
HISTD,0.07966607765115842
HISTP,0.07966607765115842
HISTRS,0.0
HISabcpp,0.0
HISt2rpp,0.0
HIStex,0.0
HKNDDH,0.0
HKNTDH,0.0
HMBS,0.0005789585246874183
HMPK1,0.0
HOMt2pp,0.0
HOMtex,0.0
HOPNTAL,0.0
HPPK2,0.0007719446995714457
HPPPNDO,0.0
HPPPNt2rpp,0.0
HPPPNtex,0.0
HPYRI,0.0
HPYRRx,0.0
HPYRRy,0.0
HSDy,-0.5929063192201345
HSK,0.4576385879775831
HSST,0.13526773124255143
HSTPT,0.07966607765115842
HXAND,0.0
HXAtex,0.0
HXCT,0.0
HXPRT,0.0
HYD1pp,0.0
HYD2pp,0.0
HYD3pp,0.0
HYPOE,0.0
HYXNtex,0.0
HYXNtpp,0.0
Htex,-18.751064727561918
I2FE2SR,1.73081771207001e-06
I2FE2SS,0.00023625661769755636
I2FE2SS2,0.00021721762286478627
I2FE2ST,2.0769812544840118e-05
I4FE4SR,0.00021721762286478627
I4FE4ST,0.00021721762286478627
ICDHyr,5.482899823752278
ICHORS_copy1,0.0
ICHORS_copy2,0.0009649308744790305
ICHORT,0.0005789585246874184
ICL,0.0
ICYSDS,0.001527446630901784
IDOND,0.0
IDOND2,0.0
IDONt2rpp,0.0
IDONtex,0.0
IG3PS,0.07966607765115842
IGPDH,0.07966607765115842
IGPS,0.047799992754237464
ILETA,-0.2443101125118181
ILETRS,0.0
ILEabcpp,0.0
ILEt2rpp,0.0
ILEtex,0.0
IMPC,-0.45599950360422736
IMPD,0.20471765734820868
IMPtex,0.0
INDOLEt2pp,0.0
INDOLEt2rpp,0.0
INDOLEtex,0.0
INOSTt4pp,0.0
INSH,0.0
INSK,0.0
INSTtex,0.0
INSt2pp_copy1,0.0
INSt2pp_copy2,0.0
INStex,0.0
IPDDI,-0.004914656893422803
IPDPS,0.0
IPMD,0.37885695817729237
IPPMIa,-0.37885695817729237
IPPMIb,-0.37885695817729237
IPPS,0.37885695817729237
ISETACabcpp,0.0
ISETACtex,0.0
K2L4Aabcpp,0.0
K2L4Aabctex,0.0
KARA1,-0.7351977087382658
KARA2,0.2443101125118181
KAS14,0.0
KAS15,0.0
KDOCT2,0.021161842756623975
KDOPP,0.021161842756623975
KDOPS,0.021161842756623975
KG6PDC,0.0
Kabcpp,0.0
Kt2pp,0.16069777047714007
Kt3pp,0.0
Ktex,0.16069777047714007
L_LACD2,0.0
L_LACD3,0.0
L_LACt2rpp,0.0
L_LACtex,0.0
LA4NTpp,0.0
LACZ,0.0
LACZpp,0.0
LADGMDH,0.0
LALADGLUtex,0.0
LALADGLUtpp,0.0
LALALGLUtex,0.0
LALALGLUtpp,0.0
LALDO2x,0.0
LALDO3,0.0
LALGP,0.0
LCADi,0.0
LCARR,0.0
LCARS,0.0
LCTSt3ipp,0.0
LCTStex,0.0
LCTStpp,0.0
LDH_D,0.0
LDH_D2,0.0
LEUTAi,0.37885695817729237
LEUTRS,0.0
LEUabcpp,0.0
LEUt2rpp,0.0
LEUtex,0.0
LGTHL,0.0
LIPACabcpp,0.0
LIPAHT2ex,0.0
LIPAHTex,0.0
LIPAMPL,0.0
LIPATPT,0.0
LIPAabcpp,0.0
LIPAabctex,0.0
LIPOCT,2.5962265681050148e-06
LIPOS,2.5962265681050148e-06
LIPOt2pp,0.0
LIPOtex,0.0
LPADSS,0.007053947585541325
LPLIPAL1A120pp,0.0
LPLIPAL1A140pp,0.0
LPLIPAL1A141pp,0.0
LPLIPAL1A160pp,0.0
LPLIPAL1A161pp,0.0
LPLIPAL1A180pp,0.0
LPLIPAL1A181pp,0.0
LPLIPAL1E120pp,0.0
LPLIPAL1E140pp,0.0
LPLIPAL1E141pp,0.0
LPLIPAL1E160pp,0.0
LPLIPAL1E161pp,0.0
LPLIPAL1E180pp,0.0
LPLIPAL1E181pp,0.0
LPLIPAL1G120pp,0.0
LPLIPAL1G140pp,0.0
LPLIPAL1G141pp,0.0
LPLIPAL1G160pp,0.0
LPLIPAL1G161pp,0.0
LPLIPAL1G180pp,0.0
LPLIPAL1G181pp,0.0
LPLIPAL2A120,0.0
LPLIPAL2A140,0.0
LPLIPAL2A141,0.0
LPLIPAL2A160,0.0
LPLIPAL2A161,0.0
LPLIPAL2A180,0.0
LPLIPAL2A181,0.0
LPLIPAL2ATE120,0.0
LPLIPAL2ATE140,0.0
LPLIPAL2ATE141,0.0
LPLIPAL2ATE160,0.0
LPLIPAL2ATE161,0.0
LPLIPAL2ATE180,0.0
LPLIPAL2ATE181,0.0
LPLIPAL2ATG120,0.0
LPLIPAL2ATG140,0.0
LPLIPAL2ATG141,0.0
LPLIPAL2ATG160,0.0
LPLIPAL2ATG161,0.0
LPLIPAL2ATG180,0.0
LPLIPAL2ATG181,0.0
LPLIPAL2E120,0.0
LPLIPAL2E140,0.0
LPLIPAL2E141,0.0
LPLIPAL2E160,0.0
LPLIPAL2E161,0.0
LPLIPAL2E180,0.0
LPLIPAL2E181,0.0
LPLIPAL2G120,0.0
LPLIPAL2G140,0.0
LPLIPAL2G141,0.0
LPLIPAL2G160,0.0
LPLIPAL2G161,0.0
LPLIPAL2G180,0.0
LPLIPAL2G181,0.0
LSERDHr,0.0
LYSDC,0.0
LYSTRS,0.0
LYSabcpp,0.0
LYSt2pp,0.0
LYSt3pp,0.0
LYStex,0.0
LYXI,0.0
LYXt2pp,0.0
LYXtex,0.0
M1PD,0.0
MACPD,0.0
MALCOAMT,1.73081771207001e-06
MALDDH,0.0
MALDt2_2pp,0.0
MALDtex,0.0
MALS,0.0007719446995700374
MALTATr,0.0
MALTHXabcpp,0.0
MALTHXtexi,0.0
MALTPTabcpp,0.0
MALTPTtexi,0.0
MALTTRabcpp,0.0
MALTTRtexi,0.0
MALTTTRabcpp,0.0
MALTTTRtexi,0.0
MALTabcpp,0.0
MALTptspp,0.0
MALTtexi,0.0
MALt2_2pp,0.0
MALt2_3pp,0.0
MALt3pp,0.0
MALtex,0.0
MAN1PT2,0.0
MAN6PI,0.0
MAN6Pt6_2pp,0.0
MAN6Ptex,0.0
MANAO,0.0
MANGLYCptspp,0.0
MANGLYCtex,0.0
MANPGH,0.0
MANptspp,0.0
MANtex,0.0
MCITD,0.0
MCITL2,0.0
MCITS,0.0
MCOATA,0.028219251977589444
MCPST,0.0
MCTP1App,0.009895084859904247
MCTP1Bpp,0.0011639749113670818
MCTP2App,0.0005824201601115583
MDDCP1pp,0.009371512502003068
MDDCP2pp,0.0005824201601115583
MDDCP3pp,0.0
MDDCP4pp,0.0
MDDCP5pp,0.0
MDDEP1pp,0.004656765054324362
MDDEP2pp,0.0
MDDEP3pp,0.0
MDDEP4pp,0.0
MDH,5.420219125718475
MDH2,0.0
MDH3,0.0
ME1,0.0
ME2,0.0
MECDPDH5,0.005734199080087954
MECDPS,0.005734199080087954
MELIBt2pp,0.0
MELIBt3ipp,0.0
MELIBtex,0.0
MEOHtex,-1.73081771207001e-06
MEOHtrpp,-1.73081771207001e-06
MEPCT,0.005734199080087954
METAT,0.007390591630538943
METDabcpp,0.0
METDtex,0.0
METOX1s,0.0
METOX2s,0.0
METS,0.13642737910963834
METSOX1abcpp,0.0
METSOX1tex,0.0
METSOX2abcpp,0.0
METSOX2tex,0.0
METSOXR1,0.0
METSOXR2,0.0
METTRS,0.0
METabcpp,0.0
METtex,0.0
MG2t3_2pp,0.007142219288856892
MG2tex,0.007142219288856892
MG2tpp,0.0
MG2uabcpp,0.0
MGSA,0.0
MI1PP,0.0
MICITDr,0.0
MINCYCtex,0.0
MINCYCtpp,0.0
MINOHPtexi,0.0
MLDCP1App,0.0005235723579011779
MLDCP1Bpp,0.0
MLDCP2App,0.0
MLDCP2Bpp,0.0
MLDCP3App,0.0011639749113670818
MLDEP1pp,0.0011639749113670818
MLDEP2pp,0.0
MLTG1,0.0
MLTG2,0.0
MLTG3,0.0
MLTG4,0.0
MLTG5,0.0
MLTGY1pp,0.0
MLTGY2pp,0.0
MLTGY3pp,0.0
MLTGY4pp,0.0
MLTP1,0.0
MLTP2,0.0
MLTP3,0.0
MMCD,0.0
MMETt2pp,0.0
MMETtex,0.0
MMM,0.0
MN2t3pp,0.0
MN2tpp,0.0005694390272710332
MN6PP,0.0
MNLptspp,0.0
MNLtex,0.0
MNNH,0.0
MNt2pp,0.0
MNtex,0.0005694390272710332
MOADSUx,0.0004257811571692225
MOAT,0.007053947585541325
MOAT2,0.007053947585541325
MOAT3C,0.007053947585541325
MOBDabcpp,0.00011856101327679567
MOBDtex,0.00011856101327679567
MOCDS,6.057861992245034e-06
MOCOS,0.00011250315128455063
MOGDS,6.057861992245034e-06
MOHMT,0.0004984755010759888
MOX,-0.0019722667829019753
MPTAT,0.00021289057858461124
MPTG,0.011641479931382885
MPTG2,0.0005824201601115583
MPTS,0.00021289057858461124
MPTSS,0.0004257811571692225
MSAR,0.0
MSO3abcpp,0.0
MSO3tex,0.0
MTAN,0.005836317325100073
MTHFC,0.8327189019070838
MTHFD,0.8327189019070838
MTHFR2,0.13662036528453414
MTHTHFSs,0.001159647867086916
MTRPOX,0.0
N2Otex,0.0
N2Otpp,0.0
NACODA,0.0
NACtex,0.0
NACtpp,0.0
NADDP,0.0
NADH10,0.0
NADH16pp,25.17838418000088
NADH17pp,0.0
NADH18pp,0.0
NADH5,0.0
NADH9,0.0
NADK,0.00038683775864560804
NADN,0.0
NADPHQR2,0.0
NADPHQR3,0.0
NADPHQR4,0.0
NADPPPS,0.0
NADS1,0.0019722667829019775
NADTRHD,0.0
NAMNPP,0.0
NAt3_1p5pp,0.0
NAt3_2pp,0.0
NAt3pp,0.0
NAtex,0.0
NDPK1,0.6704971464344953
NDPK2,0.36726567195955956
NDPK3,0.14174791275654142
NDPK4,0.028520414259489625
NDPK5,0.0
NDPK6,0.0
NDPK7,-3.469446951953614e-18
NDPK8,0.0
NH4tex,9.092226890574457
NH4tpp,9.092226890574457
NHFRBO,0.0
NI2abcpp,0.0
NI2t3pp,0.0
NI2tex,0.0002656805188027465
NI2tpp,0.0002656805188027465
NI2uabcpp,0.0
NMNAT,0.0
NMNDA,0.0
NMNN,0.0
NMNPtpp,0.0
NMNt7pp,0.0
NMNtex,0.0
NNAM,0.0
NNATr,0.0019722667829019775
NNDMBRT,0.0
NNDPR,0.0019722667829019775
NO2t2rpp,0.0
NO2tex,0.0
NO3R1bpp,0.0
NO3R1pp,0.0
NO3R2bpp,0.0
NO3R2pp,0.0
NO3t7pp,0.0
NO3tex,0.0
NODOx,0.0
NODOy,0.0
NOVBCNtex,0.0
NOVBCNtpp,0.0
NOtex,0.0
NOtpp,0.0
NTD1,0.0
NTD10,0.0
NTD10pp,0.0
NTD11,0.0
NTD11pp,0.0
NTD12,0.0
NTD12pp,0.0
NTD1pp,0.0
NTD2,0.0
NTD2pp,0.0
NTD3,0.0
NTD3pp,0.0
NTD4,0.0
NTD4pp,0.0
NTD5,0.0
NTD5pp,0.0
NTD6,0.0
NTD6pp,0.0
NTD7,0.0
NTD7pp,0.0
NTD8,0.0
NTD8pp,0.0
NTD9,0.0
NTD9pp,0.0
NTP1,0.0
NTP10,0.0
NTP11,0.0
NTP12,0.0
NTP3,0.0
NTP3pp,0.0
NTP5,0.0
NTPP1,0.0
NTPP10,0.0
NTPP11,0.0
NTPP2,0.0
NTPP3,0.0
NTPP4,0.0
NTPP5,0.0
NTPP6,0.0
NTPP7,0.0
NTPP8,0.0
NTPP9,0.0
NTPTP1,0.0
NTPTP2,0.0
NTRIR2x,0.0
NTRIR3pp,0.0
NTRIR4pp,0.0
O16A4COLIPAabctex,0.0
O16A4Lpp,0.0
O16AP1pp,0.0
O16AP2pp,0.0
O16AP3pp,0.0
O16AT,0.0
O16AUNDtpp,0.0
O16GALFT,0.0
O16GLCT1,0.0
O16GLCT2,0.0
O2Stex,0.0
O2tex,14.999999999999991
O2tpp,14.999999999999991
OAADC,0.0
OBTFL,0.0
OCBT,0.24873581340158113
OCDCAtexi,0.0
OCDCEAtexi,0.0
OCTAtex,0.0
OCTDPS,0.0005789585246874184
OCTNLL,0.0
OGMEACPD,1.73081771207001e-06
OGMEACPR,1.73081771207001e-06
OGMEACPS,1.73081771207001e-06
OHPBAT,0.00019298617489580612
OHPHM,0.00019298617489580612
OMBZLM,0.00019298617489580612
OMCDC,0.37885695817729237
OMMBLHX,0.00019298617489580612
OMMBLHX3,0.0
OMPDC,0.2772112264005569
OMPHHX,0.00019298617489580612
OMPHHX3,0.0
OP4ENH,0.0
OPHBDC,0.00019298617489580612
OPHHX,0.00019298617489580612
OPHHX3,0.0
OPMEACPD,1.73081771207001e-06
OPMEACPR,1.73081771207001e-06
OPMEACPS,1.73081771207001e-06
ORNDC,0.03462846996538469
ORNabcpp,0.0
ORNtex,0.0
OROTt2_2pp,0.0
OROTtex,0.0
ORPT,-0.2772112264005569
OXAMTC,0.0
OXCDC,0.0
OXCOAHDH,0.0
OXDHCOAT,0.0
P5CD,0.0
P5CR,0.185888091458607
PA120abcpp,0.0
PA140abcpp,0.0
PA141abcpp,0.0
PA160abcpp,0.0
PA161abcpp,0.0
PA180abcpp,0.0
PA181abcpp,0.0
PACALDt2rpp,0.0
PACALDtex,0.0
PACCOAE,0.0
PACCOAL,0.0
PANTS,0.0004984755010759888
PAPA120,0.0
PAPA120pp,0.0
PAPA140,0.0
PAPA140pp,0.0
PAPA141,0.0
PAPA141pp,0.0
PAPA160,0.0
PAPA160pp,0.0
PAPA161,0.0
PAPA161pp,0.0
PAPA180,0.0
PAPA180pp,0.0
PAPA181,0.0
PAPA181pp,0.0
PAPPT3,0.02386538002287733
PAPSR,1.0408340855860843e-17
PAPSR2,0.214497642830268
PDE1,0.0
PDE4,0.0
PDH,0.0
PDX5PO2,0.00019298617489580612
PDX5POi,0.0
PDX5PS,0.00019298617489580612
PDXPP,0.0
PE120abcpp,0.0
PE140abcpp,0.0
PE141abcpp,0.0
PE160abcpp,0.02751827080420109
PE161abcpp,0.021403291827457743
PE180abcpp,0.0
PE181abcpp,0.011031366687878208
PEAMNOpp,0.0
PEAMNtex,0.0
PERD,0.00019298617489580612
PETNT161pp,0.0
PETNT181pp,0.0
PFK,0.0
PFK_2,0.0
PFK_3,6.135006701194035
PFL,9.521176728960572
PG120abcpp,0.0
PG140abcpp,0.0
PG141abcpp,0.0
PG160abcpp,0.009329107468057353
PG161abcpp,0.007256453257853517
PG180abcpp,0.0
PG181abcpp,0.0037394316669272566
PGAMT,-0.06183865521683731
PGCD,1.4215028460415122
PGI,6.944151059515944
PGK,-16.627259572920426
PGL,2.8871444072708785
PGLYCP,0.0
PGM,-15.205756726878914
PGMT,-0.16870453321317594
PGP120abcpp,0.0
PGP140abcpp,0.0
PGP141abcpp,0.0
PGP160abcpp,0.0
PGP161abcpp,0.0
PGP180abcpp,0.0
PGP181abcpp,0.0
PGPP120,0.0
PGPP120pp,0.0
PGPP140,0.0
PGPP140pp,0.0
PGPP141,0.0
PGPP141pp,0.0
PGPP160,0.014267995809449128
PGPP160pp,0.0
PGPP161,0.011098003169792904
PGPP161pp,0.0
PGPP180,0.0
PGPP180pp,0.0
PGPP181,0.005719487129535348
PGPP181pp,0.0
PGSA120,0.0
PGSA140,0.0
PGSA141,0.0
PGSA160,0.014267995809449128
PGSA161,0.011098003169792904
PGSA180,0.0
PGSA181,0.005719487129535348
PHEMEabcpp,0.0
PHEMEtiex,0.0
PHETA1,-0.15579176767227762
PHETRS,0.0
PHEt2rpp,0.0
PHEtex,0.0
PHYTSpp,0.0
PIt2rpp,0.8023603592373835
PItex,0.8023603592373835
PIuabcpp,0.0
PLIPA1A120pp,0.0
PLIPA1A140pp,0.0
PLIPA1A141pp,0.0
PLIPA1A160pp,0.0
PLIPA1A161pp,0.0
PLIPA1A180pp,0.0
PLIPA1A181pp,0.0
PLIPA1E120pp,0.0
PLIPA1E140pp,0.0
PLIPA1E141pp,0.0
PLIPA1E160pp,0.0
PLIPA1E161pp,0.0
PLIPA1E180pp,0.0
PLIPA1E181pp,0.0
PLIPA1G120pp,0.0
PLIPA1G140pp,0.0
PLIPA1G141pp,0.0
PLIPA1G160pp,0.0
PLIPA1G161pp,0.0
PLIPA1G180pp,0.0
PLIPA1G181pp,0.0
PLIPA2A120pp,0.0
PLIPA2A140pp,0.0
PLIPA2A141pp,0.0
PLIPA2A160pp,0.0
PLIPA2A161pp,0.0
PLIPA2A180pp,0.0
PLIPA2A181pp,0.0
PLIPA2E120pp,0.0
PLIPA2E140pp,0.0
PLIPA2E141pp,0.0
PLIPA2E160pp,0.0
PLIPA2E161pp,0.0
PLIPA2E180pp,0.0
PLIPA2E181pp,0.0
PLIPA2G120pp,0.0
PLIPA2G140pp,0.0
PLIPA2G141pp,0.0
PLIPA2G160pp,0.0
PLIPA2G161pp,0.0
PLIPA2G180pp,0.0
PLIPA2G181pp,0.0
PMANM,0.0
PMDPHT,0.0003859723497916139
PMEACPE,1.73081771207001e-06
PMPK,0.00019298617489580612
PNTK,0.0004984755010759888
PNTOt4pp,0.0
PNTOtex,0.0
POAACR,0.0
POR5,0.09299683566955469
POX,0.0
PPA,0.0
PPA2,0.0
PPAKr,0.0
PPALtex,0.0
PPALtpp,0.0
PPAt4pp,0.0
PPAtex,0.0
PPBNGS,0.002315834098749673
PPC,2.5314394649156644
PPCDC,0.0004984755010759888
PPCK,0.0
PPCSCT,0.0
PPGPPDP,0.0
PPK2,-0.00019298617489580612
PPK,-3.1033769275540135
PPM,-0.790371850354755
PPM2,0.0
PPNCL2,0.0004984755010759888
PPND,0.11615171502159423
PPNDH,0.15579176767227762
PPPGO,0.0
PPPGO3,0.00038597234979161223
PPPNDO,0.0
PPPNt2rpp,0.0
PPPNtex,0.0
PPS,0.0
PPTHpp,0.0
PPTtex,0.0
PRAGSr,0.3765264121279692
PRAIS,0.3765264121279692
PRAIi,0.047799992754237464
PRAMPC,0.07966607765115842
PRASCSi,0.3763334259530734
PRATPP,0.07966607765115842
PRFGS,0.3765264121279692
PRMICI,0.07966607765115842
PROD2,0.0
PROGLYabcpp,0.0
PROGLYtex,0.0
PROTRS,0.0
PROabcpp,0.0
PROt2rpp,0.0
PROt4pp,0.0
PROtex,0.0
PRPPS,0.0
PSCLYSt2pp,0.0
PSCLYStex,0.0
PSCVT,0.3218663233719513
PSD120,0.0
PSD140,0.0
PSD141,0.0
PSD160,0.03821991671792996
PSD161,0.02972679420480242
PSD180,0.0
PSD181,0.015321198387243726
PSERT,1.4215028460415122
PSERtex,0.0
PSP_L,1.4215028460415122
PSP_Lpp,0.0
PSSA120,0.0
PSSA140,0.0
PSSA141,0.0
PSSA160,0.03821991671792996
PSSA161,0.02972679420480242
PSSA180,0.0
PSSA181,0.015321198387243726
PTA2,0.0
PTAr,1.03071285374133
PTHRpp,0.0
PTPATi,0.0004984755010759888
PTRCORNt7pp,0.0
PTRCTA,0.0
PTRCabcpp,0.0
PTRCt2pp,0.0
PTRCtex,0.0
PUNP1,-0.007195874637931081
PUNP2,0.0
PUNP3,0.0
PUNP4,0.0
PUNP5,0.0
PUNP6,0.0
PUNP7,0.0
PYAM5PO,0.0
PYDAMK,0.0
PYDAMtex,0.0
PYDAMtpp,0.0
PYDXK,0.0
PYDXNK,0.0
PYDXNtex,0.0
PYDXNtpp,0.0
PYDXPP,0.0
PYDXtex,0.0
PYDXtpp,0.0
PYK,0.0
PYNP2r,0.0
PYROX,0.0
PYRt2rpp,-2.8068910043477224e-15
PYRtex,-2.8068910043477224e-15
QMO2,0.0
QMO3,0.0
QUIN2tex,0.0
QUIN2tpp,0.0
QUINDH,0.0
QULNS,0.0019722667829019775
R15BPK,0.783175975716824
R1PK,0.783175975716824
R5PP,0.0
R5PPpp,0.0
R5Ptex,0.0
RBFK,0.0001929861748958078
RBFSa,0.0007719446995832278
RBFSb,0.0003859723497916139
RBK,0.0
RBK_L1,0.0
RBP4E,0.0
REPHACCOAI,0.0
RFAMPtex,0.0
RFAMPtpp,0.0
RHAT1,0.007053947585541325
RHCCE,0.001159647867086916
RIBabcpp,0.0
RIBtex,0.0
RMI,0.0
RMK,0.0
RMNtex,0.0
RMNtpp,0.0
RMPA,0.0
RNDR1,0.0
RNDR1b,0.0
RNDR2,0.0
RNDR2b,0.0
RNDR3,0.0
RNDR3b,0.0
RNDR4,0.0
RNDR4b,0.0
RNTR1c2,0.0214664666739483
RNTR2c2,0.02216485162076855
RNTR3c2,0.02216485162076855
RNTR4c2,0.021466466673948283
RPE,1.266467479676939
RPI,-1.5987431401377306
RZ5PP,0.0
S2FE2SR,0.0
S2FE2SS,0.0
S2FE2SS2,0.0
S2FE2ST,0.0
S4FE4SR,0.0
S4FE4ST,0.0
S7PI,0.0282157903421653
SADH,0.0
SADT2,0.214497642830268
SARCOX,0.0
SBTPD,0.0
SBTptspp,0.0
SBTtex,0.0
SCYSDS,0.0
SDPDS,0.3124342322500377
SDPTA,-0.3124342322500377
SELCYSS,0.0
SELGTHR,0.0
SELGTHR2,0.0
SELGTHR3,0.0
SELNPS,0.0
SELR,0.0
SELtex,0.0
SELtpp,0.0
SEPHCHCS,0.00038597234979161223
SERASr,0.0005789585246874184
SERAT,0.214497642830268
SERD_D,0.0
SERD_L,0.0
SERTRS,0.0
SERTRS2,0.0
SERt2rpp,0.0
SERt4pp,0.0
SERtex,0.0
SFGTHi,0.0
SGDS,0.0
SGSAD,0.0
SHCHCS3,0.00038597234979161223
SHCHD2,0.00019298617489580612
SHCHF,0.00019298617489580612
SHK3Dr,0.3218663233719513
SHKK,0.3218663233719513
SHSL1,0.13526773124255143
SKMt2pp,0.0
SKMtex,0.0
SLNTtex,0.0
SLNTtpp,0.0
SO2tex,0.0
SO2tpp,0.0
SO3tex,0.0
SO4t2pp,0.21806831977026844
SO4tex,0.21806831977026844
SOTA,0.0
SPMDAT1,0.0
SPMDAT2,0.0
SPMDabcpp,0.0
SPMDt3pp,0.0
SPMDtex,0.0
SPMS,0.005836317325100073
SPODM,0.0
SPODMpp,0.0
SSALx,0.0
SSALy,0.0
SUCASPtpp,0.0
SUCBZL,0.00038597234979161223
SUCBZS,0.00038597234979161223
SUCCt2_2pp,0.0
SUCCt2_3pp,0.0
SUCCt3pp,0.0
SUCCtex,0.0
SUCDi,4.542281745674705
SUCFUMtpp,0.0
SUCMALtpp,0.0
SUCOAS,-4.093421865132743
SUCRtex,0.0
SUCTARTtpp,0.0
SUCptspp,0.0
SULFACabcpp,0.0
SULFACtex,0.0
SULR,0.214497642830268
SULabcpp,0.0
T2DECAI,0.0
TAGURr,0.0
TALA,-5.354851201753225
TARTD,0.0
TARTRDtex,0.0
TARTRt7pp,0.0
TARTRtex,0.0
TARTt2_3pp,0.0
TAUDO,0.0
TAURabcpp,0.0
TAURtex,0.0
TCYNTtex,0.0
TDP,0.0
TDPADGAT,0.0
TDPAGTA,0.0
TDPDRE,0.007053947585541325
TDPDRR,0.007053947585541325
TDPGDH,0.007053947585541325
TDSK,0.007053947585541325
TDSR1,0.0
TDSR2,0.0
TGBPA,0.0
THD2pp,0.0
THDPS,0.3124342322500377
THFAT,0.0
THIORDXi,0.0
THMDt2pp_copy1,0.0
THMDt2pp_copy2,0.0
THMDtex,0.0
THMabcpp,0.0
THMtex,0.0
THRA2,0.0
THRA,0.0
THRD,0.0
THRD_L,0.2443101125118181
THRPtex,0.0
THRS,0.4576385879775831
THRTRS,0.0
THRabcpp,0.0
THRt2pp,0.0
THRt2rpp,-0.004285504655085344
THRt4pp,0.004285504655085344
THRtex,0.0
THYMt3pp,0.0
THYMtex,0.0
THZPSN3,0.00019298617489580612
TKT1,0.8083712897829755
TKT2,0.4580961898939636
TMAOR1,0.0
TMAOR1pp,0.0
TMAOR2,0.0
TMAOR2pp,0.0
TMAOtex,0.0
TMAtex,0.0
TMDK1,0.0
TMDPP,0.0
TMDS,0.0214664666739483
TMK,0.0
TMPK,0.00019298617489580612
TMPPP,0.00019298617489580612
TPI,7.978703677726057
TPRDCOAS,0.0
TRDR,0.0
TRE6PH,0.0
TRE6PP,0.0
TRE6PS,0.0
TREH,0.0
TREHpp,0.0
TREptspp,0.0
TREtex,0.0
TRPAS2,-0.047799992754237464
TRPS1,0.0
TRPS2,0.0
TRPS3,0.047799992754237464
TRPTRS,0.0
TRPt2rpp,0.0
TRPtex,0.0
TRSARr,0.0
TSULabcpp,0.0
TSULtex,0.0
TTDCAtexi,0.0
TTDCEAtexi,0.0
TTRCYCtex,0.0
TTRCYCtpp,0.0
TUNGSabcpp,0.0
TUNGStex,0.0
TYMtex,0.0
TYRL,0.00019298617489580612
TYROXDApp,0.0
TYRPpp,0.0
TYRPtex,0.0
TYRTA,-0.11615171502159423
TYRTRS,0.0
TYRt2rpp,0.0
TYRtex,0.0
ThDPAT,0.0
U23GAAT,0.01410789517108265
UAAGDS,0.02386538002287733
UACGALPpp,0.0
UACGAMPpp,0.0
UACGAMtex,0.0
UACMAMO,0.0
UAG2E,0.0
UAGAAT,0.01410789517108265
UAGCVT,0.02386538002287733
UAGDP,0.06183865521683731
UAGPT3,0.02386538002287733
UAMAGS,0.02386538002287733
UAMAS,0.02386538002287733
UAPGR,0.02386538002287733
UDCPDP,0.02386538002287733
UDCPDPS,4.759748708192679e-05
UDCPDPpp,0.0
UDCPPtppi,0.0
UDPACGALtex,0.0
UDPG4E,0.0
UDPGALM,0.0
UDPGALPpp,0.0
UDPGALtex,0.0
UDPGD,0.0
UDPGDC,0.0
UDPGLCURtex,0.0
UDPGPpp,0.0
UDPGtex,0.0
UDPKAAT,0.0
UGLCURPpp,0.0
UGLT,0.0
UGLYCH,0.0
UGMDDS,0.02386538002287733
UHGADA,0.01410789517108265
ULA4NFT,0.0
ULA4Ntppi,0.0
UM3PL,0.0
UM4PCP,0.0
UM4PL,0.0
UMPK,0.3081305540089756
UMPtex,0.0
UPLA4FNF,0.0
UPLA4FNT,0.0
UPP3MT,0.00019298617489580612
UPP3S,0.0005789585246874183
UPPDC1,0.00038597234979161223
UPPRT,0.0
URACPAH,0.0
URAt2pp_copy1,0.0
URAt2pp_copy2,0.0
URAtex,0.0
URDGLYCD,0.0
UREAtex,0.0
UREAtpp,0.0
URIC,0.0
URIH,0.0
URIK2,0.0
URIt2pp_copy1,0.0
URIt2pp_copy2,0.0
URItex,0.0
USHD,0.007053947585541325
VALTA,-0.8311637621928436
VALTRS,0.0
VALabcpp,0.0
VALt2rpp,0.0
VALtex,0.0
VPAMTr,-0.4753214871329462
WCOS,0.0
X5PL3E,0.0
XAND,0.0
XANt2pp,0.0
XANtex,0.0
XANtpp,0.0
XMPtex,0.0
XPPT,0.0
XTSNH,0.0
XTSNt2rpp,0.0
XTSNtex,0.0
XYLI1,0.0
XYLI2,0.0
XYLK,0.0
XYLK2,0.0
XYLUt2pp,0.0
XYLUtex,0.0
XYLabcpp,0.0
XYLt2pp,0.0
XYLtex,0.0
ZN2abcpp,0.0
ZN2t3pp,0.0
ZN2tpp,0.0002803924693553416
ZNabcpp,0.0
Zn2tex,0.0002803924693553416
